1476103160;1;1.02583067
1476103242;1;0.4783299499999999
1476104898;1;0.1949591400000008
1476106503;1;0.17926274
1476107350;1;0.5440330000000002
1476108523;3;1.632099
1476110586;1;0.242433
1476116885;1;0.2510094899999977
1476120526;1;0.15458255000000065
1476129738;1;0.25100949
1476147060;1;0.17926274
1476152208;1;0.15458255000000065
1476152575;1;0.2510094900000004
1476159468;1;0.25100949
1476160860;1;0.25100949
1476161789;1;0.25100949
1476183003;1;0.17926274
1476203313;1;0.02507674
1476268285;1;0.154186
1476275759;1;0.13584797999999942
1476323743;1;0.01819842
1477051657;1;2.989887
1477053821;1;2.9428269
1477149610;1;2.9428269
1477206539;1;2.9428269
1477213686;1;2.9428269
1477214063;1;2.9428269
1477215253;1;2.6828269
1477216569;1;2.6828269
1477217849;1;0.2599999999999998
1477225478;1;0.26
1477293290;1;2.999887
1477297398;1;2.89983096
1477345257;1;2.89965561
1477495064;1;2.992
1477496742;1;2.93383653
1477510541;1;0.04677400000000001
1477532784;1;2.9335548
1477559311;1;0.5093491600000001
1477569776;1;0.5093491600000001
1477570507;1;0.08785045
1477571655;1;0.50363416
1477573052;1;0.08785045
1477577225;1;0.50363416
1477586593;1;0.50363416
1477605987;1;2.42394886
1477606544;1;0.21026488
1477609587;1;0.21026487999999866
1477628596;1;0.099774
1477630163;1;8.973725
1477663375;1;2.21322205
1477669126;1;0.2
1477669447;1;0.2
1477711578;1;4.999887
1477722976;1;2.01322205
1477725746;1;2.0132220499999995
1477729200;1;2.01322205
1477751564;1;4.23381555
1477799089;2;4.5157
1477813329;1;3.75498318
1477813875;1;2.9074677699999985
1477820693;1;2.90171411
1477849867;2;4.32
1477859364;1;0.84678318
1477864085;1;0.84678318
1477906209;2;0.07800000000000001
1477926402;1;0.8467831799999999
1477982698;2;1.69356636
1477991297;2;1.76144152
1477992371;2;1.5223140000000086
1477996505;2;1.522314
1478055281;1;0.046713000000000005
1478062219;1;0.046713
1478066768;1;0.2
1478219692;1;1.0165500000000005
1478221984;1;1.01655
1478223115;1;0.85948255
1478224802;1;0.5065287199999999
1478226316;1;0.35253255
1478227845;1;0.5065287199999999
1478236237;1;0.28850810999999865
1478241815;1;0.28850811000000004
1478248614;1;0.35253255000000006
1478259416;1;0.3500386099999986
1478259944;1;2.999887
1478260619;4;8.64
1478262230;1;0.28850811
1478262739;1;0.3500386099999986
1478329800;1;2.95682766
1478337115;2;0.07799999999999985
1478337968;2;0.078
1478421685;1;2.44838646
1478423151;1;0.09263287
1478431724;1;0.09263287000000275
1478432941;1;0.09263287
1478453399;1;0.08413273
1478456912;1;0.08413273
1478483549;1;2.35558706
1478488105;1;0.22982736
1478495191;2;4.32
1478497517;2;0.28
1478502603;2;0.2799999999999998
1478503761;1;0.042499999999999996
1478510169;2;4.04
1478510972;2;0.08499999999999999
1478513551;2;4.02408182
1478515834;1;0.042499999999999996
1478517881;1;0.04250000000000398
1478518017;1;0.0156964
1478522413;1;0.0425
1478524247;2;0.0779999999999994
1478527158;1;0.0156964
1478527536;1;0.0425
1478529017;1;0.015696399999995947
1478531008;1;2.12541586
1478531616;1;0.01930038
1478532461;1;0.019300379999999784
1478532842;1;0.019300380000000006
1478548269;1;0.034
1478549476;1;0.034000000000000696
1478551345;1;0.034
1478570036;1;0.508
1478575768;1;0.01604231
1478602796;1;2.10575343
1478603933;1;0.49982
1478604593;2;0.03208462
1478608087;1;0.508
1478614450;1;0.49981999999999993
1478620582;1;0.508
1478673908;3;0.137
1478679245;2;0.118
1478680503;2;0.078
1478686863;1;1.60558034
1478689703;1;0.042060509999999995
1478694131;1;0.15799734
1478734402;1;0.15799734000000853
1478748914;1;0.15799734
1478751274;1;1.56335426
1478766974;1;0.7474299999999996
1478767521;1;0.74743
1478769521;2;0.7473057
1478779301;2;0.61486
1478782952;1;0.3074300000000001
1478791387;1;0.30741851
1478792317;1;0.30741851
1478830176;1;0.057787
1478840296;2;0.11200000000000004
1478840846;1;0.055999999999997385
1478846295;1;0.056
1478852633;1;0.055999999999999994
1478854146;1;0.05600000000000005
1478973433;1;0.43966489
1478974642;1;0.43966489000000003
1479014389;1;0.43966489
1479027667;1;0.4396648899999889
1479045670;1;0.43966489
1479051158;1;0.47779032
1479055308;1;0.47779032
1479059629;1;0.47779032000000043
1479084742;1;0.508
1479094041;1;0.47779032
1479101357;1;0.21026487999999688
1479104336;1;0.47779032
1479114312;1;0.508
1479130291;1;1.04367
1479178311;1;1.04367
1479180675;1;1.0436699999999988
1479181987;2;1.5286451300000001
1479182693;1;0.55857057
1479182914;1;0.5585705700000005
1479187155;1;0.55857057
1479191310;1;0.41476144
1479193380;1;0.14361585
1479196148;1;2.999887
1479208600;1;0.21026488
1479212588;1;0.508
1479218808;1;0.195
1479281442;1;0.4777903199999969
1479331392;1;2.89885315
1479445493;1;0.35003861000000003
1479710567;1;0.22982735999999981
1479869555;1;0.02507674
1479993618;1;6.999774
1480049353;1;2.999887
1480051833;1;2.93079859
1480075579;1;2.999887
1480079250;1;2.91078964
1480084049;7;52.41630499999998
1480108111;1;2.93058524
1480173069;1;2.91057432
1480217212;1;2.90866512
1480248397;1;0.068774
1480255418;1;2.90866512
1480257168;1;2.90866512
1480261729;2;4.18156378
1480272962;1;0.12269999999999981
1480274927;1;0.03711646000000002
1480290009;1;0.06669999999999998
1480294686;1;0.013749999999999998
1480296639;1;0.0667
1480305622;1;0.0667
1480308629;1;0.0667
1480309292;1;0.025000000000000022
1480309562;1;0.07999999999999996
1480312379;1;0.05254153
1480313729;1;0.05254153
1480316904;1;2.84824074
1480321208;1;0.16291771
1480332618;1;2.68494338
1480351340;1;2.674665
1480355910;1;0.17098065
1480355924;1;0.8013000000000003
1480376336;1;0.28890000000000016
1480407474;1;0.01415847
1480410893;1;0.014158470000000006
1480452022;1;2.50327688
1480516292;1;0.088774
1480522998;1;0.1629177100000163
1480527063;1;0.06214064
1480566090;1;0.16291771
1481046355;1;0.078661
1481221998;1;6.999775
1481369615;1;4.999
1481372702;1;4.4818801
1481537846;1;4.48168466
1481539123;1;4.16460328
1481540094;1;3.8135885
1481540613;1;3.8135884999999945
1481543015;1;0.35082054
1481544117;1;3.8135885
1481544402;2;3.629116959999999
1481549625;1;0.12222
1481552025;1;4.999887
1481555111;1;4.95480594
1481556070;3;2.31407639
1481556685;2;4.99945093
1481558011;1;0.2700000000000031
1481558687;1;0.04483948000000004
1481559372;1;4.68441985
1481560430;3;4.95365898
1481561892;1;4.58906423
1481562381;1;0.82592934
1481563228;1;0.014399999999999996
1481573168;1;0.35082054
1481581364;1;0.07981424
1481582928;1;0.07981424000000104
1481583568;1;0.07981424
1481590286;1;0.06214064
1481596829;1;0.05515154
1481602963;3;2.917968030000001
1481606614;2;2.092287
1481625037;1;0.35082054
1481628733;2;1.6563674400000001
1481629907;2;1.1215841
1481635612;2;0.55873278
1481635667;2;0.56255752
1481640683;2;0.27080683999999966
1481642289;2;0.0288
1481644851;1;0.516787
1481647226;3;0.7685168699999997
1481649173;1;0.22022989
1481676605;1;0.31674111
1481688849;2;0.53426428
1481689052;2;0.512
1481720028;1;0.049999999999999996
1481745587;1;0.31674110999999994
1481758598;1;0.04999999999999982
1481774397;1;0.20956653
1481787759;2;0.28996416
1481788553;3;1.3010162299999983
1481789251;1;0.05
1481789525;2;1.15603415
1481793267;2;1.57937422
1481793465;2;0.7378132200000002
1481797766;1;0.35720598
1481803319;2;0.6739470899999997
1481804154;1;0.3167411100000024
1481804842;1;0.04483948
1481806600;1;0.31674111
1481813186;1;0.35465761
1481815105;1;0.35465761
1481815734;1;0.127778
1481845901;1;0.060854149999999996
1481855015;1;0.06214064000000086
1481866023;1;0.2264295100000009
1481868423;1;0.06214064
1481904510;1;0.61108412
1481905384;2;0.2867475700000002
1481909493;1;0.61108412
1481915469;1;0.25325243
1481936499;1;0.04483948
1481945178;1;0.61108412
1481953917;1;0.24325211
1481961005;1;0.22982736
1482030780;1;0.18334991
1482039241;1;0.18314175
1482071729;2;0.43539799999999995
1482109491;1;0.05
1482154734;1;0.05505199999999988
1482155154;1;0.306674
1482155289;1;6.999774
1482171433;1;4.9990000000000006
1482174196;1;4.9987856
1482175624;1;4.99857118
1482177528;3;5.12823426
1482178244;1;4.42769393
1482179018;1;0.13005658
1482179988;1;4.18410019
1482181502;2;4.3057172999999995
1482206213;1;0.05505200000000343
1482207295;1;0.243378
1482211364;1;0.05505199999999988
1482217978;1;0.2433780000000001
1482231994;1;0.30160000000000764
1482238647;1;0.026000000000000245
1482239773;2;0.052
1482240314;1;0.026
1482276628;1;0.02498452
1482298428;1;0.43982288000000125
1482323133;2;0.435398
1482327933;1;0.05505199999999988
1482332263;2;0.43539799999999995
1482344567;2;0.4353979999999922
1482346347;1;0.2176989999999961
1482346417;1;0.43982288000000125
1482348044;1;0.43982288
1482407443;4;19.892819399999986
1482472238;1;0.1
1482475840;1;0.3016
1482489665;2;0.19999999999999998
1482490270;1;0.10000000000000003
1482496750;1;0.09999999999999964
1482551920;1;0.1
1482552794;1;0.09999999999999964
1482705650;1;2.899655610000025
1482708120;1;2.89965561
1482709216;2;2.89946277
1482710719;1;1.56256308
1482712594;1;1.44527284
1482713135;1;0.17537984
1482719623;1;1.16122841
1482728046;1;0.57051927
1482749745;2;0.6513680000000007
1482755082;1;1.02314
1482757648;1;0.055052
1482762793;2;0.12060008
1482780426;1;0.1267291000000057
1482791069;1;0.11729023999999999
1482803413;1;1.02314
1482806076;4;2.9690152000000003
1482806489;1;0.4537638
1482807469;2;0.5732167999999999
1482808028;1;0.17609299999999983
1482809412;1;0.1130395
1482813158;1;0.10303900000000077
1482814660;2;0.32860927
1482823921;1;1.894546
1482827069;1;0.055052
1482828126;1;0.92216461
1482836697;1;0.551
1482838457;1;0.5438599800000006
1482839914;1;0.055052
1482840633;1;0.0531966
1482848047;1;0.0566399999999998
1482867325;1;0.053200000000000025
1482877574;1;0.54385998
1482883734;1;0.16641334
1482885402;1;0.46861698
1482887119;1;0.46861697999997887
1482889764;1;0.46861698
1482900402;1;0.3016
1482918918;1;0.053200000000000136
1482919363;1;0.053200000000000025
1482921262;1;0.0532
1482937026;1;3.76294351
1482939223;1;3.45804851
1482975463;1;0.18314174999999988
1482976890;1;0.18314175
1482992612;1;0.153561
1483009492;1;0.022
1483010905;1;1.904596
1483011651;1;0.022
1483034476;1;0.12672910000000037
1483112273;1;0.12672910000000215
1483203754;2;1.3762446099999996
1483206984;2;1.37624461
1483208548;2;0.4068151
1483211635;1;0.12672910000000037
1483230629;2;0.40681510000000287
1483231931;2;0.4068151000000002
1483236780;2;0.4068151
1483237677;1;0.20340755
1483253085;2;0.96900167
1483255933;1;0.32263375
1483257937;1;0.32263374999999983
1483260881;1;0.32263375
1483262622;1;0.32263374999996586
1483324694;1;0.20819255
1483344460;1;0.014854429999999752
1483347161;1;0.014854429999999752
1483353372;1;4.998
1483355098;1;4.94980444
1483357054;1;4.94960986
1483358072;1;4.77691237
1483358525;1;0.17230759
1483359811;1;0.1723075899999995
1483364187;1;0.17230758999999995
1483379604;1;0.17230759
1483384551;1;0.17230759
1483429781;1;9.944835
1483516370;1;0.047
1483523508;1;0.04699999999999993
1483531288;1;0.1267291000000057
1483533671;1;0.047
1483537675;1;0.047
1483574292;1;0.047
1483575721;1;0.022293589999996755
1483579309;1;0.022293590000000307
1483722018;1;4.77674237
1483757293;1;0.024706409999999998
1483761272;1;0.02470641000000029
1483880595;1;1.999662
1483883861;1;3.382462
1483885269;2;1.1152587399999998
1483885872;1;1.05999
1483886762;1;1.39405437
1483896167;1;2.2942731
1483908594;1;1.39405437
1483909423;1;1.39405437
1483910287;1;1.13378
1483967082;1;1.0270600000000005
1483973863;1;1.1603462
1484002337;1;1.0270600000000005
1484009259;1;1.0270600000000005
1484010657;1;1.02706
1484011237;1;2.999887
1484013663;2;2.99867027
1484017943;1;1.0270599999999774
1484025134;1;1.02706
1484029439;1;0.08500000000000008
1484049105;1;0.08499999999999996
1484109831;2;0.6463679200000003
1484120437;2;0.6463679199999888
1484125620;2;0.64636792
1484152950;1;0.131
1484171596;1;2.91176931
1484171788;1;2.898853149999997
1484181869;1;0.131
1484203346;1;2.89885315
1484216616;2;0.2372032
1484228438;1;0.02432539
1484263850;1;2.81830511
1484267511;1;2.81830511
1484267659;1;0.0247968
1484272594;1;2.81630511
1484277999;1;2.81430511
1484325931;1;1.9999
1484337009;1;0.05604165999999999
1484470959;1;1.88269514
1484472577;1;0.10783375000000017
1484476091;1;0.10736892
1484490435;1;0.03364345000000002
1484492012;1;0.033643449999999575
1484514602;1;1.7748613899999999
1484520068;2;1.8085048400000001
1484523769;1;0.03364345000000002
1484524342;1;0.07372546999999985
1484525649;1;0.07372547000000002
1484529757;1;0.07372547
1484530224;1;0.07372547
1484573295;1;1.0382882600000016
1484578041;2;0.62039499
1484579026;1;0.346982
1484579334;1;0.5508640000000007
1484579914;1;0.09376011000000001
1484587803;1;0.346982
1484588346;1;0.03953174
1484588542;1;0.09376010999999984
1484593041;1;0.09376011
1484599796;1;0.550864
1484600194;1;0.020000000000000462
1484603463;1;0.530864
1484606691;1;0.02
1484608229;1;0.530863999999994
1484613298;1;0.21883499999999945
1484614379;1;0.346982
1484614652;1;0.530864
1484615108;1;0.22891535
1484616554;1;0.530864
1484631950;1;0.21883500000001277
1484635089;2;0.22952545000000002
1484640677;1;0.21883499999999856
1484649827;1;0.218835
1484657551;1;0.09376011
1484672325;1;0.21883499999999856
1484676912;1;0.03953173999999998
1484705423;1;0.044000000000000004
1484710835;1;0.04400000000000004
1484712546;1;0.5308639999999993
1484713464;2;0.088
1484718025;1;0.03953174
1484720646;1;0.03953174
1484731087;1;0.03953174000000015
1484732806;1;0.10593659999999999
1484739001;1;0.05604165999999999
1484785978;1;0.22891534999999996
1484793549;1;0.96275
1484794742;1;0.96275
1484795719;1;0.56829402
1484798495;1;0.39445598
1484821659;1;0.56829402
1484822030;1;0.024325390000000446
1484826190;3;0.6039464799999995
1484828233;1;0.024325390000000002
1484829855;1;0.55682005
1484831188;1;0.02277761
1484832217;1;0.53389554
1484833526;1;0.53389554
1484910585;1;0.05604165999999822
1484910631;1;1.976636
1485036583;1;1.77486139
1485036876;1;1.774861389999998
1485041149;1;1.7737889900000001
1485042085;1;1.77378899
1485078082;1;0.01263071
1485086166;1;0.20443763
1485152246;1;0.1169585
1485167600;4;0.4278267999999996
1485214004;1;1.0039500000000006
1485215262;1;1.00395
1485215496;1;0.86944656
1485217424;1;0.32167792
1485221643;1;0.02
1485230835;2;0.91189728
1485236133;1;0.47882478
1485242529;1;0.1829531
1485251602;1;0.1717503
1485267211;2;0.25368871000000004
1485271054;1;0.059
1485303338;1;0.18080864
1485307345;1;0.13424694
1485308892;1;0.13424693999999998
1485312048;1;0.13424694
1485313979;1;0.03725175
1485316973;1;0.18080864
1485327800;1;0.059600490000000006
1485331164;1;0.39445598
1485331241;1;0.11209268999999988
1485378588;1;0.03725174999999936
1485405868;1;0.037394700000000114
1485406497;1;0.037394700000000114
1485414422;1;0.2415791
1485420780;1;0.2320122
1485432210;1;0.972116
1485432236;1;0.085
1485438249;1;0.2084247
1485439215;1;0.01763318
1485444786;1;0.8993300000000001
1485492645;1;0.0595731
1485502309;2;0.6907819000000001
1485504174;1;0.1728113
1485507264;1;0.0477962
1485508599;1;0.04114176
1485518546;1;0.17281129999999933
1485616159;2;0.21391339999999737
1485654588;1;0.15272998
1485654749;1;0.01784525
1485659323;1;0.13414118
1485659389;1;0.12249928
1485660830;1;0.11085738
1485680093;1;0.17121979999999998
1485788548;1;0.89933
1485790280;2;0.5949559999999999
1485791097;2;0.594956
1485799818;1;0.44363706
1485801437;1;0.1128681
1485816592;1;0.33048816
1485824532;1;0.1498937799999993
1485840626;1;0.05604166
1485878959;2;0.5583332999999999
1485880748;2;0.02328379999999998
1485920408;1;0.0116419
1485933523;1;0.2109022
1485934642;1;0.1900435
1485963425;1;0.0233406
1485964945;1;0.07323400000000002
1486013580;1;0.01674757
1486015946;1;0.07323400000000002
1486058431;1;0.18059437999999997
1486124163;1;0.18627455
1486150859;1;0.07323399999999936
1486201171;1;0.073234
1486245959;1;0.09376011
1486299225;2;0.511548
1486341321;1;0.2
1486418063;1;4.999700000000001
1486418783;1;4.9997
1486419055;1;4.71229351
1486420332;1;4.28368488
1486426143;1;3.9578624
1486438929;2;0.85521726
1486440523;1;0.28740649
1486443484;1;0.27740512
1486445291;1;0.42760863
1486453836;1;0.42760863
1486469628;1;9.944835
1486470356;2;21.944635
1486470559;2;21.39364978
1486470929;2;0.5503852200000001
1486471444;2;20.482717100000002
1486473878;4;1.4596107
1486474661;3;19.82322727
1486476824;2;0.5503852199999999
1486478471;3;18.999243640000003
1486479681;2;17.65943842
1486480540;2;0.14516385
1486481192;2;1.20891125
1486481506;1;16.35845354
1486483343;1;1.0101305799999998
1486483511;1;0.9396920799999999
1486487051;2;4.04395359
1486494141;1;0.55888876
1486494993;1;0.09174171
1486516299;1;15.41755809
1486516868;1;1.01013058
1486550754;1;0.56261657
1486550793;1;0.42760863
1486557084;1;2.9221583399999993
1486570066;2;3.74529887
1486576889;1;0.8231405300000034
1486578160;1;0.46642911000000004
1486578304;1;0.12908691
1486579032;1;0.82314053
1486579844;1;0.82314053
1486579985;2;0.907
1486580677;2;0.907
1486585739;2;0.907
1486586572;1;0.4535
1486589542;1;0.4535
1486748111;1;0.017845250000000035
1486833364;1;0.04400000000000048
1486842765;1;0.011078
1486953024;1;0.07524299999999995
1486959553;1;0.011078000000000005
1487052906;1;0.075243
1487054486;1;0.070836
1487063803;2;1.1252331400000029
1487088319;1;1.010130580000002
1487165190;1;0.02527999999999997
1487185911;1;0.052946529999999825
1487207604;1;0.04400000000000048
1487222176;1;0.044
1487273871;1;0.30489500000000014
1487313433;1;0.096692
1487318076;1;0.09669199999999023
1487318100;2;0.20499999999999963
1487325244;1;0.096692
1487326221;1;0.09669199999999911
1487329203;1;0.096692
1487332287;1;0.13540342
1487336460;2;0.13244096
1487352280;1;1.9993774899999988
1487366788;1;0.06622048
1487372500;1;0.030191019999999985
1487373966;1;0.02019080999999545
1487378435;1;0.02019081
1487382946;2;3.46927749
1487411384;1;0.32553616
1487430599;1;0.2256800000000001
1487438448;1;0.225679999999997
1487530892;1;0.52937749
1487541135;1;0.11050860000000018
1487550270;1;0.27740512000000006
1487555769;1;0.27740511999999995
1487570466;1;0.10140400000000005
1487580878;1;0.10140400000000227
1487584150;1;0.96949
1487593222;1;0.9118000000000002
1487594199;1;0.90869986
1487595773;2;0.05056
1487597379;1;0.101404
1487627189;1;0.9112171800000001
1487631168;2;0.10120330999999999
1487633645;1;0.5406428600000002
1487634874;1;0.54064286
1487639662;1;0.54064286
1487648185;1;0.09985615999999997
1487650113;1;0.10157256
1487651147;1;0.09120400000000001
1487652562;1;1.4699000000000026
1487656969;1;0.09985615999999986
1487660817;1;0.01000021000000001
1487662280;1;0.010000210000001175
1487668625;1;1.4699
1487677519;1;0.43865049
1487677527;1;0.0090659
1487743622;1;1.4699
1487757061;1;1.4699
1487779984;1;1.4699
1487804643;1;0.019999999999999574
1487810225;1;0.020000000000000462
1487817732;1;0.36774656
1487840501;1;0.10519599999999996
1487850931;1;0.32167792000000084
1487851137;1;6.999774
1487854170;1;0.10519600000000029
1487859022;1;0.10519599999999998
1487866362;1;0.32167792000000006
1487867324;1;0.32167791999999995
1487907809;1;0.031427099999999986
1487930416;1;0.03142709999999993
1487954428;1;0.22568
1487963037;1;0.017845249999999924
1487969548;1;0.9112171800000013
1487969970;1;0.9112171800000004
1487972995;1;0.91121718
1487973367;3;0.07559373
1487973514;1;0.52445126
1487976755;1;0.05500000000000002
1487977727;1;0.095357
1487979302;1;0.095357
1487987400;1;0.01200000000000001
1487989149;1;0.012
1487990017;2;0.85594698
1487993085;1;0.24590000000000004
1488004046;1;0.17136704
1488006993;1;0.03142709999999971
1488089980;1;0.06144029999999989
1488173963;1;0.062465570000000525
1488204134;1;0.82579712
1488236123;1;0.4104038
1488238966;2;0.41013260000000007
1488241955;1;0.05500000000000016
1488244235;1;0.26809209
1488249885;1;0.084
1488253765;1;0.11443625
1488260259;1;0.18357978
1488265343;1;0.11757300000000001
1488269764;1;0.08986265
1488272080;1;0.03468041
1488272613;1;0.02703415
1488274122;1;0.11415303
1488282990;1;0.03105833
1488290620;1;0.01384813
1488294932;1;0.01066623
1488300602;1;0.0828235
1488302369;2;1.21937212
1488303552;2;1.21937212
1488304171;3;0.5522400199999999
1488310412;1;0.06616462999999939
1488335152;2;5.3213757
1488337786;1;0.062465570000000525
1488341389;1;0.042112999999999845
1488348629;1;0.042112999999999956
1488360711;1;0.06533058
1488364689;1;0.015935149999999995
1488367628;1;0.015935149999999995
1488368905;1;0.26151852
1488374487;1;0.08399999999999999
1488386319;1;0.0838367
1488396694;1;0.22891535
1488397163;1;0.0404393
1488407027;2;0.43129815000000005
1488411915;1;0.184
1488425245;1;0.27740512
1488431001;1;0.18400000000000016
1488452394;1;0.27740512000000095
1488463127;3;0.08492627999999999
1488467328;1;0.027
1488468456;1;0.03873488
1488511665;1;0.4279734899999994
1488514992;1;0.011026860000015404
1488517342;1;4.97945533
1488518814;1;0.011026860000015404
1488523115;1;0.085
1488524332;2;0.4312981500000035
1488526153;2;0.43129815
1488526556;2;0.43129815
1488535711;1;0.4279734899999994
1488535852;1;0.42797349
1488541854;1;0.08202470000000517
1488555415;2;0.37653528999999997
1488560210;2;0.054000000000000006
1488570019;1;4.97783616
1488573084;1;4.977836159999999
1488578654;1;4.97783616
1488579121;1;1.68348906
1488580692;2;1.7146981
1488582243;1;3.29402614
1488582265;1;0.98012937
1488586367;1;0.6792477699999999
1488590596;1;0.02347
1488596085;1;3.29402614
1488596728;3;3.24816286
1488607221;2;0.05203838999999999
1488610486;1;0.026391740000008213
1488612156;2;0.05278348
1488615274;1;1.0781388000000003
1488628811;1;1.0781387999999996
1488644887;1;0.06861008
1488670274;1;0.14252799
1488694969;1;0.06616462999999939
1488704797;1;0.320819
1488709932;1;0.08383669999999999
1488720567;1;0.15000000000000002
1488775768;1;0.15
1488850078;1;0.15
1488856116;1;0.170563
1488905800;1;0.06616463000000294
1488934895;1;1.0088199999999996
1488943822;2;0.7219093399999998
1488945450;2;0.72190934
1488947753;3;1.9482299999999997
1488950589;1;1.00882
1488951147;3;1.9439683300000001
1488952416;3;0.78589949
1488952873;2;0.19466335999999984
1488953223;3;0.7797770500000001
1488956636;1;0.22939768
1488957189;2;0.7430608000000001
1488957733;1;0.59123613
1488961885;3;18.997802999999998
1488964262;7;21.673786680000006
1488964520;1;0.0931067
1488966256;1;0.01573476
1488968388;1;0.13579378
1488969638;1;0.07687474
1488970654;6;1.3050994399999905
1488973416;1;0.12377978
1488981549;1;0.012014
1488994688;1;0.35526721000000094
1488995089;1;0.12377978
1489014887;1;0.017210200000000953
1489017685;1;0.08277000000000001
1489018299;1;0.08277
1489021378;1;0.2471586
1489022640;1;0.017210200000000953
1489031099;1;0.08276999999999646
1489034317;1;0.084646
1489038304;2;0.27394546
1489046095;1;0.13697273
1489048579;1;0.012013999999999997
1489115302;1;0.02639174
1489118886;1;0.01486801
1489142129;1;0.59123613
1489164952;1;0.009003560000000022
1489165853;1;0.5912361300000057
1489193185;1;0.35526721000000094
1489193641;1;0.35526721
1489194371;1;0.35526721000000094
1489195931;1;0.35488453
1489221249;1;0.019
1489228204;1;0.08832812000000001
1489232420;1;0.017541110000000026
1489233079;1;0.017541110000000026
1489236363;1;0.017541109999999804
1489240739;1;0.01754111
1489247582;1;0.01754111000000025
1489272408;1;0.03390000000000004
1489336548;1;0.017541109999999804
1489410530;1;0.68558167
1489425658;1;0.0825800000000001
1489428668;1;0.1622414
1489478932;1;0.18569886
1489498753;1;4.996700000000001
1489511726;1;4.9967
1489517421;1;4.106958
1489518539;1;4.106958
1489520104;1;3.11391
1489522931;1;3.09631
1489523454;1;0.9930480000000002
1489524824;1;1.13091
1489527176;1;1.10598804
1489548813;1;0.993048
1489563662;1;0.08258
1489571695;1;0.023922
1489610091;1;0.18569886000000002
1489635437;1;0.18569886
1489641906;1;0.17569883000000175
1489653488;1;0.010000030000000493
1489663841;1;0.1756988300000002
1489664102;1;0.06426967000000006
1489666274;1;0.06426967
1489683704;1;0.17569883
1489717611;2;1.578712
1489722412;1;0.01000003
1489724763;2;1.74855
1489725267;1;0.19999999999999998
1489727374;2;2.1650955
1489731521;1;0.2
1489732979;1;0.19610282
1489734455;1;0.19610282
1489749533;1;1.9650955000000003
1489913127;2;17.992976
1489994556;1;0.12602062000000025
1490017001;3;2.2086756599999995
1490020429;2;1.20581562
1490035222;2;1.1999999999999886
1490041927;4;2.33021756
1490044553;1;0.5651087800000001
1490047580;2;0.03211008000000071
1490048878;1;0.01605504
1490052210;1;0.56510878
1490075551;1;0.01000003
1490089235;1;0.07706519
1490091670;2;0.79548766
1490093165;2;0.79548766
1490095897;2;0.4644376
1490112953;1;0.04545454000000149
1490131237;1;0.01605504
1490142314;1;0.993048
1490143034;1;0.7405818
1490170950;1;0.03161065
1490211906;1;0.07569999999999999
1490223105;2;0.32988684
1490228507;3;0.53341046
1490230166;1;0.16234077
1490231940;1;0.16187793
1490251127;1;0.06426966999999997
1490259766;1;0.06426967
1490267950;1;0.06426967000000006
1490284242;1;9.901008000000001
1490352997;1;9.901008
1490355643;1;6.996775
1490360463;1;0.481998
1490378673;1;9.901008
1490381726;1;9.88524695
1490382524;1;0.01614186
1490385945;2;9.88292602
1490387785;1;0.014703130000000009
1490389862;1;0.014703130000000897
1490391573;1;9.46188129
1490394643;1;9.36058879
1490396477;1;9.18131233
1490397359;1;0.17840794
1490406849;1;0.20000000000000018
1490420745;1;0.01521454
1490443710;1;0.10074662000000023
1490444857;1;0.06426967
1490452160;1;0.01347382
1490579374;2;0.4
1490581132;1;0.015214540000000554
1490593591;1;0.01521454
1490594055;1;0.01521453999998812
1490618588;1;0.280998
1490622972;1;0.8597904400000012
1490645864;1;0.28099799999999986
1490647319;1;0.8166561000000172
1490651901;1;0.8166561
1490658975;1;0.280998
1490671829;1;0.05900000000000105
1490673364;1;2.083975
1490674155;1;0.059
1490675064;1;14.99778
1490683424;1;0.060207
1490689102;2;0.03127600000000186
1490692405;1;0.05079585
1490719932;1;14.99729224
1490721486;2;14.996483170000001
1490722026;1;14.58729432
1490722875;2;14.780936639999998
1490724506;6;14.75874313
1490724841;1;14.19830677
1490727934;2;14.22907297
1490728229;3;0.9112157700000001
1490736541;1;0.10966273
1490740532;1;0.10966273
1490754346;1;0.055774
1490757383;2;0.021208620000000004
1490757460;2;1.7485499999999998
1490760100;2;1.7485500000000003
1490760886;2;1.43452458
1490763277;2;1.13394924
1490763435;2;0.54128044
1490769679;2;0.54128044
1490770353;1;0.07807585
1490771280;2;0.31402542
1490771314;2;0.5356804400000001
1490777614;9;0.87535765
1490783893;1;0.14794200000000002
1490784290;1;0.01273893
1490812913;2;0.5924687999999998
1490823478;2;0.1780930999999999
1490828291;2;0.06368192
1490831446;1;0.07319999999999993
1490837090;1;0.25311496000000044
1490840821;1;0.62085849
1490846474;2;0.11441118
1490854727;1;0.25311495999999956
1490867656;1;0.9386074299999994
1490868604;1;0.70758881
1490868867;1;0.45804641
1490869466;1;0.15075045
1490870096;1;0.15075045
1490875006;1;0.08221416
1490875051;1;0.08221416
1490876327;1;0.15075044999999998
1490876712;1;0.15075045
1490878685;3;0.5122011599999999
1490880048;2;0.4141757
1490910213;1;0.10425801
1490927694;2;0.07709282
1490933180;2;0.061658400000000224
1490933541;2;0.06165839999999889
1490963147;1;0.30721686
1490964853;1;0.15287314000000002
1490970326;1;9.9994
1490970904;1;9.89815343
1490972638;2;9.896880059999999
1490973279;1;9.15044441
1490977487;1;0.1006465700000021
1490978289;1;0.10064657
1490978776;1;0.10064657
1490979324;1;0.092546
1490983257;1;8.75891597
1490984728;2;0.1088016
1490985990;1;0.09099077
1490986453;1;0.014023459999999988
1490989410;2;0.27461845999999923
1490989611;1;0.251969
1490996485;1;0.01521454
1491011754;2;0.0616584
1491027561;1;0.260594999999995
1491029196;1;8.31499971
1491033512;1;0.26059500000000213
1491044191;1;0.2495424
1491051424;1;0.24655339999999998
1491054225;1;0.012738929999997595
1491055234;1;7.799467579999998
1491065474;1;7.799467579999998
1491108616;1;0.3909284399999997
1491109232;1;0.48306565
1491111026;1;0.39092844
1491111403;1;0.48306565
1491115357;1;0.18716076
1491121130;2;0.5297581
1491126404;1;6.796813
1491133271;2;16.796513
1491134579;2;16.003500000000003
1491135310;1;0.05272498999999975
1491137347;2;0.68978174
1491137505;2;15.312354979999999
1491139886;2;14.31775498
1491140196;1;0.051675180000000154
1491142436;2;0.9934576
1491146953;3;13.915841200000001
1491147350;2;0.9934576
1491158720;2;12.726954979999999
1491166093;1;7.49599134
1491181274;1;0.19468621999999997
1491190788;1;0.602
1491192864;1;0.6019999999999754
1491193927;1;0.602
1491194320;1;0.5918199999999985
1491196234;2;0.2976875
1491197315;1;0.010180000000000078
1491198743;1;0.01018
1491199390;2;0.602
1491201099;2;0.74889523
1491202260;4;0.6118379600000001
1491224513;1;0.1312072
1491226706;1;0.23101862000000006
1491252045;2;0.30606706
1491279824;1;0.07696731000000012
1491283186;1;0.51410413
1491283464;1;0.08221415999999998
1491286563;1;0.07696731000000057
1491291929;2;0.5963182899999998
1491321542;2;0.9934575999999993
1491326808;1;0.49672879999999964
1491329401;1;0.4967287999999712
1491341960;2;0.9934576000000135
1491352567;1;0.4967288
1491360332;1;0.4967288
1491378580;1;0.20623
1491433195;1;0.04313434000000038
1491434687;1;0.04313434
1491452253;1;0.04313434
1491467491;1;0.04313433999999994
1491485424;2;0.7924129999999998
1491493813;1;8.192638
1491495982;1;7.003261
1491496359;2;7.15668231
1491497233;2;6.69339762
1491499715;2;6.53727611
1491500413;2;0.499048
1491500619;2;5.88168723
1491500833;1;4.92809767
1491501161;1;4.59675378
1491501884;1;0.09864591
1491512693;1;0.3094771
1491514879;1;0.30947709999998096
1491515904;1;0.44540181
1491541461;2;0.10880160000000005
1491542284;2;0.1088016
1491543547;1;0.1871607599999976
1491560123;1;0.331163
1491560679;1;2.170146
1491613289;1;2.911769309999997
1491615162;1;2.91176931
1491616879;1;0.009121259999999687
1491617563;1;2.90264805
1491619451;2;0.88843933
1491622353;1;0.2465533999999998
1491623408;1;0.06961398000000002
1491624821;2;0.05003307
1491629971;1;0.019766190000000017
1491634376;1;0.03235802
1491635035;1;0.01159985
1491639321;1;0.06961398
1491642590;1;0.85123446
1491643561;1;0.06961398
1491646291;1;0.009121259999999909
1491653785;1;2.0233299799999998
1491677499;1;0.0757
1491686516;1;0.1312072000000004
1491749145;1;0.0757
1491749400;1;0.0505488
1491759454;1;0.02488
1491770102;1;0.8545895600000009
1491772263;1;0.44519197999999993
1491781778;1;0.20623
1491794812;2;0.6897817400000008
1491801444;2;0.2976875
1491808049;1;0.8166561
1491808114;1;0.8166561
1491812309;1;1.15060775
1491820317;1;0.81346524
1491820651;1;0.48777219
1491825766;2;0.6897817400000008
1491833053;2;1.2021568600000005
1491833498;1;0.21755966
1491836285;1;0.14028495
1491845836;2;0.6897817399999973
1491864551;1;0.3448908700000004
1491866844;1;0.3448908700000004
1491869496;1;0.19298436
1491870236;1;0.19298436
1491872073;2;0.6905298000000001
1491874759;1;0.07047373
1491874996;2;0.40747899
1491875373;1;0.22993666000000001
1491875910;1;0.16352226
1491877447;2;0.1561371
1491878099;1;0.08364516
1491879722;3;0.36936899000000095
1491880669;1;0.12195964000000001
1491880901;1;0.07257316
1491882117;1;0.03129334
1491884065;1;0.07257316
1491886245;1;0.08986274
1491886416;1;0.0169312
1491886766;1;0.07286274
1491888975;2;0.19831491999999976
1491892300;1;0.15566951
1491893325;1;0.028160090000000082
1491896023;1;0.02816009
1491898183;1;0.0657286
1491898487;1;0.03129334
1491899717;1;0.08050356
1491900301;1;0.8545895600000009
1491904774;1;0.04313434
1491906520;1;0.04313434000000016
1491910516;1;0.12750942
1491916144;1;0.06572859999999991
1491920496;1;0.12750942
1491921176;1;0.028083609999999926
1491923120;1;0.06572859999999991
1491966988;1;0.08050356
1491986169;1;0.024317950000000366
1491986472;1;0.024317950000000005
1491997773;2;0.70361411
1492014726;2;0.7036141100000002
1492016795;2;0.7036141099999966
1492051590;1;0.058549109999999994
1492091671;1;7.49599134
1492160110;2;0.5960000000000001
1492168626;1;0.009999999999999787
1492205156;1;0.021776089999999915
1492221897;1;0.07047373
1492226768;1;0.009999999999999787
1492248856;1;0.07047373
1492268617;1;0.0657286
1492273719;1;0.011599849999999634
1492291194;2;0.15454941999999997
1492348409;8;69.95610902
1492361911;1;0.0858370000000015
1492365278;1;0.0858370000000015
1492386511;1;0.085837
1492393792;1;0.40579800000000005
1492395166;1;0.4057979999999999
1492396896;1;0.405798
1492399637;1;0.08583700000000005
1492411640;1;0.08583699999999994
1492415667;1;0.085837
1492489726;1;0.71489
1492490581;1;0.71489
1492492245;2;0.71460431
1492492935;1;0.20538829
1492493239;1;0.17033131
1492493521;2;0.5960000000000036
1492496127;1;0.1703313099999999
1492498537;1;0.17033131
1492499753;1;0.17033131
1492500367;2;0.2976875
1492517665;1;0.1703313099999999
1492537859;1;19.9994
1492538516;2;19.9985288
1492539612;1;19.33266414
1492540478;1;19.14360215
1492541291;2;19.094775289999998
1492543523;1;17.90311357
1492544293;1;17.55328892
1492546511;1;16.8537508
1492552437;1;0.23607632
1492556477;1;0.21637554
1492556858;3;0.47843760000000035
1492574951;1;0.0657286
1492582712;1;0.07727471
1492599391;1;0.07727470999999997
1492635083;1;0.34922465
1492647346;1;0.2322188000000125
1492671686;2;0.03127599999970698
1492674674;1;0.5678367299999999
1492675520;1;0.56783673
1492676919;1;0.34922465
1492681777;1;0.39030893
1492684515;1;0.23786185999999998
1492693607;2;0.17169905
1492698982;2;0.17129437
1492729269;1;0.04008637000000001
1492732120;1;0.17720979999999997
1492737835;1;0.44361626000000065
1492744318;1;0.04008637
1492744474;1;0.23101861999999995
1492747433;1;6.131643
1492748971;1;0.15204239
1492757138;1;0.4676296499999999
1492757362;1;0.46762965
1492773014;1;0.6979381199999999
1492781789;1;0.2322188
1492788574;1;0.33851467000000013
1492788851;1;0.23101861999999995
1492789556;1;0.33851467
1492790284;1;0.13815138000000005
1492790576;1;0.2310186200000004
1492791802;1;0.13815138
1492794304;2;0.2599163799999862
1492795808;1;0.09266907999999999
1492800568;2;0.048640520000000034
1492810215;1;0.20036329
1492811213;1;0.13545895
1492814675;1;0.13445834
1492867162;1;0.8393799999999998
1492869185;1;0.83938
1492870233;1;0.63567138
1492871760;1;0.08563146
1492874292;2;0.753422
1492874521;1;0.20370862
1492876505;1;0.12785041
1492878518;1;0.21637553999999998
1492911233;1;0.42122
1492913308;1;0.33970565
1492930222;1;0.08563146
1492933861;1;0.20538829
1492935964;2;0.22242001
1492936893;2;0.20569278999999996
1492937635;2;0.10855262
1492938692;1;0.021500000000000002
1492938920;1;0.09534424000000286
1492945411;1;0.0215
1492982181;1;0.20370862000000045
1492996483;1;0.4436162600000131
1493002511;1;0.03173153
1493004319;1;0.03173152999999995
1493006540;1;0.20370862
1493008102;1;0.23101862
1493026744;2;0.03127600000016173
1493041962;1;0.23101862
1493081116;1;0.4436162599999989
1493095291;1;0.08085478
1493119045;2;5.82765424
1493119302;1;0.31387472
1493120768;2;0.31387472
1493122946;1;0.06439262
1493132791;1;4.499
1493142548;1;0.118093
1493147535;1;0.02608953
1493164864;1;0.11809300000000178
1493184525;2;0.1272768800000001
1493190078;3;0.351313
1493195474;1;0.01885848999999995
1493201925;2;0.411088
1493221182;2;0.40449619999999964
1493250531;1;0.18812066
1493251628;1;0.18812066000000005
1493253696;1;0.18812066
1493271195;1;0.19950000000000045
1493271375;1;0.01563799999985349
1493273794;2;0.031276
1493332043;1;0.05909312999999994
1493375784;1;0.11809300000000178
1493531508;1;0.020000000000000462
1493531697;1;0.010000000000000009
1493577850;1;4.0995037
1493579172;1;3.91968176
1493581155;3;3.93671592
1493582106;1;3.88873695
1493582982;1;0.1412462
1493583785;1;3.74661699
1493585439;1;0.06760391
1493586786;2;3.8194648
1493591821;1;0.014899419999999997
1493595383;1;0.0898
1493626825;1;0.06572784000000098
1493628344;1;0.018858489999999506
1493631162;3;0.3927282100000378
1493632721;1;0.11809300000000178
1493639580;1;0.06439262
1493643203;1;0.3094771
1493643919;3;1.5823593600000003
1493646165;1;0.06439261999999957
1493646750;1;0.06439262
1493647212;1;0.36958584000000005
1493648532;1;0.36958584
1493649977;1;0.30794999999999995
1493652575;1;0.06163584
1493657385;1;0.06163584000000011
1493659005;2;19.025818
1493660718;2;18.0
1493661651;2;17.00807384
1493663004;2;15.57745448
1493664194;3;14.70703772
1493665622;2;14.288359020000001
1493671461;1;0.01885848999999995
1493671978;3;14.24081751
1493672379;2;14.200273020000001
1493673803;1;0.01885849
1493677743;3;0.17564654
1493678759;4;0.05893134
1493681135;2;0.07537736
1493682293;2;0.06537395999999873
1493686835;2;0.9866479200000002
1493692685;1;0.06163584
1493701682;2;2.316612
1493703776;1;0.06572784000000009
1493705949;2;0.0211436
1493706827;1;0.0676029999999983
1493707571;1;0.06760300000000541
1493715563;1;0.067603
1493721994;1;0.067603
1493722067;1;0.118093
1493728188;1;0.067603
1493730184;2;0.1337676299999983
1493735857;2;0.37411462999999584
1493741444;1;0.30795
1493760585;2;0.9866479200000002
1493764227;2;0.76379652
1493769323;4;1.3977730400000001
1493773908;2;0.12981999999999996
1493781379;1;0.01489942
1493786789;2;0.20500000000000002
1493787321;1;0.14709
1493789418;1;0.11596699999999993
1493789672;1;0.115967
1493795942;1;0.013640020000000001
1493800435;1;0.013640020000000001
1493801483;1;0.009487910000000002
1493830857;6;1.1916479200000119
1493834238;4;0.41000000000000003
1493834917;4;0.9866479199999993
1493836356;4;0.98664792
1493842962;1;0.01925198
1493849523;4;0.98664792
1493906589;2;0.63397652
1493949152;1;0.1007466199999989
1493970874;2;0.5045009
1493971875;1;0.0642167
1494096142;6;4.29185808
1494133304;2;1.43061936
1494134903;1;0.448977
1494135512;1;0.44897700000000107
1494136646;1;0.448977
1494138038;1;0.442174
1494139455;2;0.884348
1494148646;1;0.4421740000000227
1494154670;1;0.2980000000000018
1494162883;1;0.019999999999999574
1494182655;1;0.019999999999999574
1494187094;1;0.02
1494206907;1;0.0068030000000000035
1494214263;1;0.00680300000001921
1494214942;1;0.006803
1494240470;1;0.0068030000000049995
1494247492;2;1.43061936
1494247967;1;0.14625712
1494248623;1;0.7118599999999999
1494251268;3;1.3013429999999993
1494252110;3;1.301343
1494252685;1;0.18874652
1494253406;3;1.11151169
1494255422;1;0.11922081
1494269212;1;0.06895258
1494270852;1;0.059352579999999655
1494285394;3;1.1107116899999998
1494288876;1;0.71186
1494290353;1;0.0701241199999999
1494293255;1;0.11922081000000001
1494298004;1;0.07012412
1494308168;1;0.02071180000000017
1494308390;1;0.0207118
1494342972;1;2.9000000000000004
1494346012;1;2.9
1494347116;1;2.780357
1494355060;1;0.076133
1494356128;1;0.076133
1494357677;2;2.85648999999997
1494362783;1;0.11964300000000005
1494362901;1;2.780357
1494382277;1;0.07012412000000001
1494395139;1;0.1793237000000003
1494398096;1;2.36639229
1494403500;2;4.73278458
1494415270;1;0.11964299999999994
1494418979;1;0.1196430000000106
1494419181;1;0.119643
1494419928;1;0.10475874
1494420259;1;0.10475874
1494420377;1;0.08459694
1494441407;1;0.18187202
1494442906;1;0.10187202
1494463579;5;2.6157199999999996
1494470723;1;0.11922080999999984
1494473024;1;0.11197999999999997
1494505818;1;4.998
1494520353;1;0.11198
1494527660;1;0.06163583999999922
1494527962;1;0.06163584
1494636080;1;0.39198
1494660056;1;0.012038089999999998
1494660409;1;0.01203809
1494670590;1;0.012038089999999998
1494690773;2;4.120866999999993
1494691426;4;53.734046
1494701574;1;0.11922081000000162
1494706671;1;0.08
1494744541;2;0.8258775399999998
1494766285;1;4.99739868
1494766907;1;2.4749646
1494768022;1;0.022232
1494769079;1;0.02223199999999992
1494769866;1;2.45161803
1494773496;1;2.30340817
1494776129;2;0.12063700000000004
1494777740;1;0.14695227
1494778458;1;0.14695227
1494781298;2;0.14635501000000511
1494785593;1;0.10982428
1494793464;2;0.9502032699999958
1494807360;2;0.9502032699999999
1494812367;2;0.95020327
1494816581;1;0.009068279999999984
1494832927;1;0.08459694
1494833344;1;0.08459694
1494854086;2;0.12063700000000033
1494855998;2;0.120637
1494870711;1;0.41293877
1494882496;1;0.011612429999999563
1494898917;2;0.120637
1494926528;1;0.01488426
1494932596;2;0.023224859999999563
1494951913;1;0.00742793
1494952217;1;2.52105933
1494952985;1;0.05737027
1494954580;1;0.04423883
1494955200;3;0.04736203999998863
1494956096;1;0.00855386
1494957138;1;0.00611535
1494961745;1;0.009999999999990905
1494976634;2;0.12063699999999988
1494977029;2;0.12063699999999988
1494980929;1;0.006813000000001068
1494984444;1;0.02061280999999937
1494985800;1;0.0206128100001024
1495008652;1;0.00887066
1495031194;2;0.11617876000000005
1495031840;2;0.11617876
1495082255;1;0.006812999999999958
1495087722;1;0.022231999999999807
1495101802;1;0.022232000000000696
1495110076;1;0.022232
1495125843;1;1.025818
1495129015;1;0.902374
1495129901;1;0.82177752
1495139674;1;0.09850000000000136
1495146417;1;0.0985
1495147835;2;1.4465550399999998
1495149259;1;0.09850000000000136
1495151239;1;0.72327752
1495153126;1;0.50307852
1495173823;1;0.08059648000000053
1495173900;1;0.08059648
1495181665;1;0.0805964800000254
1495185597;1;0.08059648
1495194492;1;0.09849999999999781
1495199535;1;2.4614008500000004
1495200467;1;0.99506246
1495210688;1;0.00881178
1495230167;1;0.007286730000000019
1495233076;1;0.08059648000000408
1495247912;1;2.30340817
1495284235;1;0.01188615
1495287855;1;0.00735937
1495325234;3;0.17426813999999682
1495389613;1;2.30340817
1495396711;1;2.3034081699999973
1495470142;1;1.465591
1495478850;1;1.16419515
1495480646;6;0.047720000000000096
1495481601;1;0.20205839000000037
1495488657;1;0.86284063
1495489464;3;0.22947666000000355
1495493306;1;0.01427909
1495495475;2;0.09859357000000014
1495497140;1;0.006216779999999922
1495502986;2;0.48638097
1495522440;1;0.015125920000000015
1495548057;1;0.09315328999999983
1495600093;1;0.20205839
1495640958;2;1.9901249199999997
1495641614;1;0.9472594
1495681620;2;1.96251237
1495688797;1;0.43987244000000003
1495722214;2;2.781468
1495729511;1;0.024851999999999652
1495767268;1;0.024852
1495784370;1;0.14237348
1495808463;1;0.0959535
1495827651;1;0.02803791
1495846757;1;0.02803791
1495876240;1;0.04780306000000145
1495946499;1;0.024852
1495958495;1;0.10425800999999524
1495960394;1;0.10425801
1495960883;1;0.10425800999999968
1495993405;2;0.5566332799999993
1496013300;1;0.29951711000000003
1496059009;1;0.0718125
1496065846;1;0.06902973
1496066878;1;0.02394897
1496067364;1;0.2995171099999965
1496081465;1;0.024141
1496100227;1;0.04416996
1496101421;1;0.024141
1496109061;2;1.1783667599999994
1496110484;2;1.17836676
1496112055;2;0.82008676
1496114366;2;0.35827999999999993
1496158034;2;0.82008676
1496169810;1;0.02414100000000019
1496185445;1;0.024852
1496187370;1;0.017600000000000005
1496189505;1;0.024851999999999992
1496191240;1;0.02485200000000276
1496192358;1;0.08459693999999995
1496195562;1;0.08459694
1496223391;1;0.0176
1496228475;1;4.997491
1496234692;2;2.0126
1496332094;1;1.99677
1496403569;1;0.004750000000000476
1496547264;1;1.99383499
1496557776;1;1.9915912
1496558107;1;0.03214135
1496559107;1;1.9555625900000004
1496623521;1;0.00475
1496644511;1;1.89894372
1496645956;1;0.01278628
1496648351;1;1.88424558
1496649546;1;0.07261096
1496650038;1;0.07261096
1496650339;1;1.80928288
1496650908;1;1.80566797
1496652442;1;0.84566797
1496652903;2;1.6814108700000001
1496653496;2;1.0326109600000013
1496655550;1;0.12336275
1496655876;1;0.960000000000008
1496718858;1;0.09177
1496725484;1;0.018057999999999907
1496725868;1;0.018058
1496738318;1;0.018057999999999907
1496738737;1;0.018058
1496743950;1;0.018057999999996355
1496752319;1;0.018058
1496839504;1;0.12336275
1496933500;1;3.367085
1497016626;2;0.792413
1497017672;2;0.792413
1497019614;2;0.638397
1497023454;2;0.37994322
1497027063;2;0.17830654
1497027428;2;0.15401600000000037
1497032610;2;0.1540159999999986
1497035459;1;0.07700799999997798
1497037301;1;0.07700799999997798
1497039611;1;0.08966671
1497061391;2;0.25619378
1497064306;1;0.1129099999999994
1497066094;2;0.12728103
1497071239;1;0.0035134300000000005
1497085156;1;0.01278628000000026
1497086618;1;0.04688583
1497089578;1;0.01278628
1497092780;1;0.030000000000000027
1497094757;1;1.99334
1497130234;1;0.030000000000001137
1497168331;1;0.2702976
1497315756;1;0.07261096000000045
1497316981;1;1.09903001
1497318355;1;0.02099493
1497321259;1;1.07498398
1497322801;1;1.0609548
1497331069;1;0.01306203000000039
1497345901;1;1.9555625899999995
1497347294;1;1.95556259
1497349390;1;1.6755052
1497431793;1;0.009735600000000011
1497446718;1;0.0041189400000000015
1497447486;1;0.004118940000000126
1497449397;1;0.00411894
1497510207;1;0.72141087
1497520755;1;0.07261095999999867
1497596383;1;0.017706699999999964
1497762329;1;0.096774
1497774764;1;0.032141349999999985
1497787390;1;0.06262200000000018
1497791271;1;0.03214135
1497801994;1;0.03177895
1497846968;1;0.062622
1497961384;1;0.070712
1497973830;1;0.014287999999999634
1497981281;1;0.014288
1497987174;1;0.014287999999993417
1498000028;1;0.014287999999998746
1498014659;1;0.28005739
1498024004;1;0.020994929999999634
1498278562;1;0.88834
1498342622;2;0.3582799999999997
1498349851;1;0.2
1498380960;1;0.76654
1498412034;1;0.014288
1498466796;1;0.11742450000000001
1498467147;1;0.16247000000000011
1498469304;1;0.122331
1498469785;1;0.0533286000000146
1498471122;1;0.007419999999999982
1498486536;1;0.00742
1498549295;1;0.007420000000024629
1498550738;1;0.59907
1498559853;1;0.00742
1498568757;1;0.00742
1498570157;1;0.012786279999999928
1498572450;1;0.01278628
1498830341;1;2.282728
1498841771;1;0.44519198000000004
1498864575;1;0.06409589999999987
1498884099;1;0.053424
1498916285;1;0.0139978
1498951724;1;0.009227780000000001
1498987609;1;0.009227779999999797
1499003134;1;0.06262199999999929
1499293516;2;0.3060670600000037
1499299209;1;0.2079
1499300882;2;0.3060670600000037
1499308926;1;0.15601819999999833
1499317391;1;0.15601820000000544
1499326632;2;0.24568491000000542
1499332853;1;0.15601819999999988
1499422963;6;0.0477199999999911
1499727018;1;0.012786279999999983
1499727913;1;0.06262200000000462
1499766637;1;0.01688582999999999
1499917025;1;0.0989173
1499935893;1;0.005963999999999636
1500126008;1;0.790921
1500129346;1;0.469475
1500135001;2;0.11840399999999995
1500221748;2;0.11840399999996976
1500221922;2;0.11840400000000001
1500373866;1;0.06262199999991935
1500440240;1;1.4965000000000002
1500450564;1;1.4965000000000002
1500536250;1;1.1425
1500619954;1;0.35369716
1500650335;1;0.4926699999999986
1500654063;1;0.49267
1500655888;1;0.45369049
1500703702;1;0.29951711000000003
1500730808;1;0.64683
1500734982;1;0.6468300000000005
1500738198;1;0.64683
1500873151;1;0.062622
1500883455;1;0.06262199999999751
1500884625;1;0.04500000000000001
1500954156;1;0.189542
1500958443;1;0.03374679999999999
1500959904;1;0.0337468
1500963788;1;0.16409866000000006
1501039776;1;0.00922778
1501141049;2;0.32625482
1501475486;1;0.4849751299999999
1501553776;1;0.07687473999976646
1501660383;1;0.29616591999999287
1501684060;1;2.996378
1501723653;1;0.04499999999999999
1501727799;1;0.045
1501739605;1;0.04499999999999993
1501750136;1;1.9975
1501877516;1;1.99719536
1501884415;1;1.81701636
1501885956;1;0.23324999999999996
1501888013;2;1.81671072
1501888751;1;0.05275983
1501889150;2;1.55665459
1501890410;1;0.10499999999998977
1501891765;1;1.54987309
1501917028;1;0.03
1501919495;1;0.03
1501937092;1;0.03873
1502019931;1;0.05935258000000054
1502025665;2;5.389053000000001
1502027843;1;0.17987166
1502028601;1;0.05935258
1502030798;2;5.353599
1502032215;2;5.353599
1502032697;2;5.2727968999999995
1502033180;2;0.0808021000000001
1502034104;1;3.94611295
1502036060;1;3.94611295
1502036574;1;3.94611295
1502037051;1;3.92611295
1502150910;2;0.08080209999999982
1502151169;1;0.04040104999999983
1502157822;1;0.04040105
1502168686;2;0.06640000000000068
1502171989;2;0.06639999999999979
1502193039;1;0.06786632000000004
1502314734;1;0.034039
1502337394;1;0.03007962
1502340304;1;0.009731620000000163
1502341186;1;0.009731620000000163
1502419573;1;0.48497513
1502429374;1;0.01840884
1502455305;2;0.034966800000000034
1502666018;1;0.00247818
1502709247;1;0.7815409999999998
1502710311;2;3.7785409999999997
1502744900;2;3.7779335300000003
1502748720;2;3.37355988
1502751833;2;0.20538432
1502754824;2;3.16765994
1502760246;2;1.29656483
1502764396;2;0.20538432000000006
1502772425;1;0.10269216000000014
1502772973;1;0.47598796000000004
1502774954;1;0.47598796
1502776266;1;0.007537
1502778485;1;0.10269216
1502779305;1;0.46845096
1502780419;2;0.5566332800000002
1502782749;2;0.4676296
1502786553;1;0.34398196
1502790460;1;0.10269216
1502791970;1;0.33857996
1502800616;1;0.007127639999999991
1502802722;1;0.00712764
1502812741;1;0.11652000000000007
1502832424;1;0.005402000000000004
1502881667;1;0.11652
1502917417;1;0.04211392
1502966445;1;0.00695322000000001
1502967013;1;0.00695322
1502967989;1;0.00695322
1502971690;2;0.061518920000000005
1502972336;1;0.019405
1502988475;1;0.02261884
1502990314;1;0.006789500000000004
1502993204;1;0.0067895
1502994361;1;0.01582934
1503006292;1;0.01582934
1503007109;1;0.015829339999999803
1503012065;1;0.019405000000000006
1503023304;2;3.16765994
1503026966;1;2.69069473
1503028250;1;2.63353322
1503030563;1;2.63353322
1503036988;1;0.057161510000000006
1503100214;1;0.03873000000000004
1503100854;1;0.2534868699999997
1503103135;1;0.25348687
1503108580;1;0.03873000000000015
1503246792;1;0.113798
1503248830;1;0.015128000000000696
1503286095;1;0.015128
1503294977;1;0.015128000000000696
1503305696;1;0.015127999999997144
1503408029;2;0.40376726
1503409147;2;0.0809728
1503417853;1;0.03873
1503467752;1;0.750032
1503475689;2;0.0809728
1503475961;1;0.04048639999999992
1503487619;1;0.0404864
1503490208;2;0.32279446
1503495360;1;0.02538126
1503744013;1;0.004123849999999998
1503796224;1;0.0036220499999999323
1503797805;1;0.25348687000000325
1503801527;1;0.25348687
1503801863;1;0.20984679
1503803104;1;0.20984679
1503803563;1;0.04364008
1503810948;1;0.20984679
1504076552;2;0.32279446
1504076764;1;0.16139723
1504078990;2;0.17112885000002503
1504080927;1;0.091995
1504085270;1;0.47478208999999993
1504090151;1;0.4747820899999997
1504090780;1;0.47478208999999794
1504091919;1;0.020528570000000003
1504092256;1;0.02052857
1504105350;1;0.05960049
1504167555;2;2.99667
1504173896;1;0.009731619999911345
1504417332;2;2.99667
1504420821;1;0.009741100000000003
1504519092;1;0.00973162
1504523146;1;0.019999999999999574
1504629842;2;0.11840400000000001
1504675754;1;0.1396
1504877954;1;0.390847
1504878647;1;0.206119
1504939100;2;0.13478764
1504941219;2;0.11840400000000001
1505118898;1;0.206119
1505164796;1;0.15706745
1505168981;1;0.15706744999999955
1505172294;1;0.15706745
1505173596;1;0.023002329999999738
1505189565;1;0.071165
1505192219;2;0.01812600999999997
1505196015;2;0.01812600999999958
1505199357;1;0.20377111
1505200735;1;0.18126199999999998
1505212085;1;0.023002330000000015
1505213805;1;0.022509109999999666
1505225704;1;0.008584999999999954
1505280593;1;0.054315119999999995
1505299608;1;0.996265
1505304607;1;0.02576699999999832
1505309890;1;0.02576699999997345
1505366766;1;0.03587440999999991
1505389938;1;0.025767
1505394738;1;0.019405000000000006
1505464303;1;0.02576699999999832
1505481865;1;0.025766999999999984
1505829878;1;1.991
1506069695;1;0.05716151
1506080403;1;2.223425
1506157860;1;0.998776
1506431520;1;1.9906494400000003
1506462891;1;0.0047700200000000414
1506493800;1;0.11949021000000001
1506495177;1;0.11949021
1506497110;1;0.022804870000001642
1506500046;1;0.03448021
1506504622;1;0.06220513
1506505099;1;0.03593307
1506505617;1;0.010487460000007331
1506507849;1;0.01048746
1506508095;1;0.01048746
1506513193;1;0.022804870000001642
1506515376;1;0.0047700199999951565
1506516240;1;0.00477002
1506522108;1;0.03593307
1506524630;1;0.00742793
1506527122;2;1.886434040000001
1506532747;1;0.007427929999999999
1506533835;1;0.01578460000000001
1506536357;1;0.015784600000000003
1506542288;1;0.03593307
1506589743;1;0.9984363
1506592738;1;0.04891062
1506601248;1;0.02280487
1506603688;1;0.02280487
1506644534;1;0.06162399000000002
1506665461;1;0.009724220000000002
1506665949;1;0.009724220000000006
1506667184;1;0.00972422
1506671058;1;0.00972422
1506675073;1;0.04483947999999999
1506680392;1;0.038909879999999994
1506830982;1;0.94932807
1506831179;1;0.03460391999999857
1506835213;1;0.1511
1506837281;1;0.7982280700000004
1506888033;1;0.0074279299999999715
1507144173;1;0.03890988
1507178009;1;0.05188179999999998
1507218536;1;0.05188179999999998
1507251287;1;0.05188179999999998
1507305143;1;0.05188179999999999
1507533713;1;0.03890988
1507541747;1;0.03890988
1507683230;1;1.495446
1507726139;1;0.01688582999999999
1507896128;1;0.061623990000000003
1507934867;2;0.816769
1507952369;2;0.0323670000000002
1507959177;2;0.0323670000000007
1507962366;2;0.032367
1507963673;2;0.032367
1507967482;2;0.0323670000000007
1507972160;2;0.032366999999993595
1507972431;1;0.017954
1508047986;1;1.49496257
1508057744;1;1.4949625699999984
1508206804;1;0.02458236
1508289507;1;0.01999999999999999
1508392385;1;0.15209250000000002
1508686411;1;0.00987932
1508855960;1;0.651492
1508860613;1;0.523659
1508861083;1;0.5236590000000001
1508862058;1;0.50301543
1508918874;1;0.02058091
1509215063;4;3.2796890000000003
1509250880;1;0.009879319999999997
1509279677;4;3.279689
1509295315;1;0.024582360000000136
1509315821;3;2.64276158
1509341276;3;2.64276158
1509345468;2;2.63539922
1509367579;2;2.63539922
1509432006;2;0.0035365000000000014
1509435950;1;0.003537399999999996
1509481285;2;0.0035365
1509521603;2;0.003536499999999998
1509656811;2;2.12139922
1509664023;2;2.12139922
1509747247;1;0.04483948
1509755882;2;0.512
1509875698;1;0.020348000000000033
1509878839;1;0.020348
1509885754;1;0.0163519999999977
1509888459;1;0.016352
1509893982;1;0.016352
1510115290;2;0.5119999999999996
1510143233;2;0.0035364999999996094
1510264646;2;2.9899251400000013
1510383680;1;1.49496257
1510385475;1;0.02458236
1510455343;1;1.49496257
1510504141;4;3.9248079999999996
1510561386;1;1.4949625700000002
1510665969;2;1.9624039999999998
1510710304;2;1.9504830000000002
1510716654;2;1.9504830000000002
1510719591;1;0.97410015
1510722099;1;0.97410015
1510723905;1;0.97410015
1510742600;1;0.011345
1510746254;1;0.011045
1510753163;1;0.010545
1510780175;1;0.16136280999999997
1510798721;1;0.03460392000000034
1511114049;2;2.7238290000000003
1511177977;2;2.7238290000000003
1511180956;2;2.5524466400000003
1511181162;2;2.5524466400000003
1511182076;2;2.51272664
1511183232;2;2.4048889
1511184224;2;2.37361712
1511184671;1;1.28938106
1511246496;1;0.03726233
1511272128;1;0.01578393
1511280987;4;0.07943999999999998
1511339029;1;0.761362
1511377781;2;0.02959124000000024
1511387140;1;0.014989740000000001
1511435360;2;0.03127177999999997
1511517050;1;0.015635889999999986
1511572034;2;0.17138236
1511779994;1;0.12859
1511839532;2;0.022384
1511851932;2;0.0028620000000001977
1511855191;1;0.0014309999999966294
1511855509;1;0.001431
1511861426;1;0.001431
1511875794;1;0.00143099999999996
1511898661;1;0.12858999999999998
1511919433;1;0.001431
1511929702;1;0.0014309999999966294
1511934572;1;0.0014309999999966294
1511978771;2;0.17138235999999996
1512023075;1;0.12859
1512126543;1;0.09854
1512134484;1;0.056731
1512169922;1;0.2961659200000071
1512655577;1;0.12672
1512656981;1;0.013303000000000509
1512739334;1;0.013302999999996956
1512740396;1;0.0014310000000001821
1513253321;2;0.64893
1513253765;1;0.00385584
1513254397;1;0.00295177
1513256708;1;0.0012562899999999984
1513257479;1;0.0012409699999999999
1513280254;1;0.004226000000000063
1513308355;1;0.15109999999999957
1513315912;1;0.004226
1513317074;1;0.004226000000000063
1513325314;1;0.00422054
1513333877;1;0.003947090000000486
1513429241;1;0.2378618600000001
1513433889;1;0.23786186000000004
1513570420;2;0.03972
1513570909;1;0.01985999999999999
1513656528;1;0.43987244
1513791503;2;1.2524901600000002
1513860588;1;0.62624508
1513862384;1;0.43987243999999937
1513866588;1;0.43987244
1513869703;1;0.36432244
1513874673;1;0.6262450800000001
1513894758;1;0.6262450800000039
1513922203;1;0.29799999999977445
1513923406;2;0.10783774
1513939112;2;0.10521374000000039
1513957823;1;0.05260687000000175
1513967991;2;0.01591818
1514138411;1;0.056692
1514315645;1;0.05669200000000002
1514434345;1;0.07554999999999978
1514516242;1;0.12859
1514614344;1;0.48497513
1515338686;2;0.17886000000000002
1515341046;1;0.1233399999999989
1515676398;1;0.13968894000000098
1516924038;1;0.0024781799999999965
1517063861;1;0.06093667
1517108204;2;0.16298005000000002
1517126664;1;0.112304
1517127429;1;0.006584909999999999
1517205045;1;0.00247818
1517252076;1;0.006341919999999997
1517349787;2;0.004956360000000024
1517511534;1;0.006789500000000004
1518088654;2;0.002624
1518353137;1;0.06727468
1518365550;1;0.011262999999999999
1518387790;1;0.011263000000000023
1518389640;1;0.011263000000000023
1518394409;1;0.011263
1518737904;1;0.0363811
1519351891;1;0.07319999999999993
1519539662;2;0.12981999999999994
1519612280;1;0.06491
1519614060;1;0.06491000000000025
1519656643;1;1.00291358
1519668044;1;0.14474864
1519668323;1;0.14474863999999998
1519811123;1;0.05663457999999999
1519860565;1;0.14603163
1521198052;1;0.07319999999998572
1521362110;1;0.2605949999999666
1521362612;1;0.260595
1521692434;1;0.03089357999999999
1522741720;1;0.10410109
1523175214;4;0.6369274199999992
1523175919;4;0.636927420000001
1523291557;1;0.00572937
1523343979;2;0.3588382800001
1523407550;2;0.35883828
1523429996;2;0.35883828
1523431831;2;0.3588382800000005
1525251966;1;0.85791358
1525254874;1;0.24227116
1525256430;13;64.62582000000005
1525931813;1;0.07023432
1528279058;1;0.041808999999999985
1528283164;1;0.04180900000000021
1528287060;1;0.04180899999999976
1528451464;1;0.01
1529717533;1;0.003979709999999859
1537579282;13;64.62582
1537582332;13;64.62582
1537583937;13;64.41824445
1537585000;12;56.4397038
1537587219;11;54.51461215
1537588596;8;36.328456720000005
1538423706;13;0.2075755499999999
1538919251;23;0.3672490500000005
1538919800;8;0.12773879999999949
1540201375;1;0.15319392
1540222902;1;0.01479562
1540224589;1;0.1396889399999992
1540225876;1;0.13968894
1540470040;1;0.01479562
1543616173;1;0.14547887
1544267700;1;0.05119263
1544507661;2;0.134787639999999
1544513881;2;0.13478764
1544847489;2;2.8611813600000033
1544897583;2;2.8611813600000002
1545102330;3;2.841688809999596
1545280899;3;40.208563
1545281367;3;15.8930454
1545284560;9;37.33743440000001
1545285742;9;37.33743440000001
1545287092;6;21.444389
1545288106;6;21.444389
1545289272;9;37.33743440000001
1545289307;2;0.13478764000000032
1545289433;5;20.97246
1545291351;12;35.16256511
1545293266;3;14.18131737
1545294178;2;8.85739838
1545294745;2;0.13478764
1545295485;2;0.13478764
1545381698;3;1.22523582
1545605128;3;1.2252358199999998
1545751239;2;0.57969828
1545778545;2;0.23712559999999971
1546069723;4;44.456814019999996
1547239042;8;1.0160504799999899
1547438772;1;0.09985615999999986
1547843249;2;0.31542356000000016
1548181530;2;2.8611813600000002
1548227389;2;2.86118136
1548231475;2;2.861181359999989
1548231902;2;2.8611813600000002
1551459804;2;0.5705946799999999
1551471007;2;0.57059468
1551474220;1;0.35571863
1551475951;1;0.35571863
1553054883;4;50.365848
1553056507;4;50.365848
1553060526;4;50.365848
1553068632;4;49.78238092000001
1553070246;4;0.58320112
1553071603;4;46.58238092
1553072558;6;45.54371352
1553073036;3;45.48266574
1553088390;3;0.03839583
1553133177;3;0.02237805000000001
1553221768;3;40.208563000000005
1553221956;3;40.208563
1553224408;4;44.45681401999999
1553225534;4;44.456814019999996
1553228797;3;40.208563
1553229913;3;40.208563
1553230623;9;64.71337321
1553230962;2;18.01657132
1553231188;4;43.78681402
1553231856;4;43.57549402
1553232669;4;43.57549402
1553234634;3;2.22998787
1553235327;4;3.2
1553236405;3;2.4000000000000004
1553237610;4;0.21132
1553248342;4;0.67
1553253805;3;0.03577755
1553257836;3;2.400000000000013
1553267677;2;0.025069999999999926
1553291914;3;0.9401270400000001
1553294869;3;0.9401270399999999
1553321122;4;0.21132
1553418602;3;0.06
1553420741;4;0.58320112
1553442384;3;0.4374008399999987
1553443847;6;3.317364270000009
1553445098;3;2.87989863
1553478144;2;0.02506999999999948
1553478454;3;0.06
1553480977;2;0.010000000000000009
1553502529;3;0.22359917999999995
1553510831;3;0.22359918
1553599926;7;0.69940452
1553600975;3;0.0446904
1553743252;4;0.65471412
1553853558;4;0.01528588
1554027049;4;0.015285879999999974
1554151808;3;7.42133766
1554153014;3;2.66963769
1554165144;1;0.0732
1554249074;3;0.006485640000000181
1554258527;3;0.03577755
1554369339;3;8.37346407
1554370483;3;2.42122518
1554373134;6;5.39834832
1554375028;3;2.95006089
1554387845;3;2.3496859800000003
1556198918;3;0.006485640000000001
1556859727;1;0.6154501499999999
1557742419;1;0.0044203
