1466074423;1;0.1099
1466145404;1;0.1065
1466149907;1;0.07849999999999999
1466150385;1;0.068
1466150769;1;0.027900000000000036
1466153498;1;0.0489
1466156575;1;0.019099999999999895
1466156702;1;0.04202
1466201111;1;0.027900000000000702
1466382704;2;0.0611199999999954
1466392741;2;0.06112
1466415824;1;0.0179
1466424139;1;0.02790000000004511
1467024453;1;0.0499
1467085444;1;0.04346
1467167266;1;0.03906
1467195425;1;0.0326
1467268643;1;0.02581
1467292206;1;0.017108579999999998
1467452061;1;0.01700858
1467462388;1;0.028999999999999998
1467475612;1;0.028999999999999915
1467483772;1;0.028999999999999915
1467484054;1;0.028999999999999998
1467485137;1;0.028999999999996362
1467580176;1;0.028999999999996362
1467580541;1;0.028999999999996362
1467652201;1;0.029
1472554479;1;0.0279
1472597870;1;0.034
1472605375;1;0.034
1472606216;1;0.034
1472607374;1;0.034
1472613005;1;0.03400000000000003
1472615860;1;0.034
1472617682;1;0.034
1472829821;1;0.03400000000000003
1473963863;1;0.07999999999999999
1473972322;1;0.0798
1473978386;1;0.04956539999999998
1473979091;1;0.029039999999999996
1473981467;3;0.1486962
1473981876;1;0.050489269999999996
1473982697;1;0.04022024000000002
1473983344;1;0.02904
1473984984;1;0.04022024
1473986247;1;0.02904
1474024707;1;0.01838451
1474113211;1;0.04022024000000002
1474116468;1;0.040220239999996465
1474119318;1;0.04022024
1474929194;1;0.04058150000000005
1475158603;1;0.040581500000001824
1475163984;1;0.0405815
1475165030;1;0.0405815
1475226228;1;0.01838451
1475228130;1;0.01838451000000063
1475568988;1;0.0279
1475911068;1;0.3196
1475914737;2;0.31919999999999993
1475915829;1;0.0183384000000002
1475918029;1;0.24656264
1475920933;1;0.0183384
1475922825;2;0.10880502
1475926112;1;0.09046661999999994
1475930709;1;0.053898959999999996
1476007974;1;0.0183384
1476008609;1;0.09046662
1476107350;1;0.09046662
1476108523;1;0.09046661999999905
1476134915;1;0.0279
1476162857;1;0.2296
1476164835;1;0.09239367
1476165105;1;0.06018736
1476166477;1;0.04791933
1476168019;1;0.02465033
1476170383;1;0.022869
1476202028;1;0.1368063300000001
1476202458;1;0.13680632999999887
1476203456;1;0.15609602
1476204862;1;0.13680633
1476205406;1;0.13680633
1476221584;1;0.13680632999999998
1476284093;1;0.13680632999999887
1476286670;1;0.13680633000001308
1476629777;1;0.36590037
1476634672;1;0.030363190000000005
1476635401;1;0.030363190000000095
1476654727;1;0.33513718
1476662722;1;0.020006589999999935
1476663693;1;0.13412543
1476667134;1;0.31473059
1476673514;1;0.13412543
1476673947;1;0.17844511
1476676147;1;0.02638195
1476677990;1;0.10783224
1476682221;1;0.07853224
1476683507;1;0.05828424
1476686415;2;0.04533920999999998
1476697376;1;0.019848
1476710524;2;0.09659481999999997
1476711528;1;0.07021287000000598
1476713412;1;0.07021287
1476721060;1;0.030363189999999207
1476722971;3;0.24405115
1476728591;1;0.03279303
1476729727;1;0.028899999999999704
1476729924;1;0.02889999999999926
1476736188;1;0.0289
1476738672;1;0.06613548
1476739292;1;0.02613548
1476758032;1;0.04150000000000001
1476795411;2;0.17628509000000003
1476805389;1;0.3996
1476806327;3;0.568925
1476825714;1;0.38737016
1476827288;2;0.41269304
1476827810;1;0.04150000000000009
1476829133;1;0.030048
1476833861;2;0.46399946999999997
1476837527;1;0.19067289
1476838712;1;0.05728691999999999
1476841243;1;0.16584927000000005
1476841523;3;0.21314189
1476844195;1;0.0415
1476844258;1;0.022869000000000028
1476845345;1;0.27028874
1476846111;2;0.22107330999999997
1476847422;2;0.17572294
1476848114;2;0.259364
1476849753;2;0.152733
1476851669;1;0.04396007
1476853723;1;0.04092363999999998
1476854350;1;0.03015600000000001
1476854571;1;0.1267769999999997
1476857359;2;0.08258100000000004
1476861508;1;0.04092363999999904
1476911494;1;0.02638195
1476919135;1;0.04795592
1476929852;2;0.0527639
1476939002;1;0.04795592
1476940863;4;0.22309742999999868
1476945448;1;0.04716804
1476954628;1;0.16584927
1476955016;1;0.06829958
1476974704;1;0.02638195
1476978520;1;0.0682995799999997
1477026480;1;0.020006589999999935
1477031672;1;0.02000659
1477032146;1;0.020006590000000005
1477049107;2;0.09106396
1477079702;1;0.020006590000001268
1477120757;2;0.09591183999999998
1477197229;1;0.16584926999999894
1477199168;2;0.3316985399999954
1477242297;1;0.2818000000000005
1477297398;1;0.03478373000000001
1477299199;1;0.03478373000000001
1477302732;1;0.08857635999999758
1477304992;1;0.034783729999999125
1477305810;1;0.03478373
1477363822;1;0.029999999999999992
1477426161;1;0.030363189999999207
1477428766;1;0.03036319000000276
1477434796;1;0.03036319
1477438837;1;0.03036319
1477448409;2;0.04393286000000002
1477469712;1;0.08857636
1477473216;1;0.8598757
1477473330;1;0.04795591999999993
1477474416;3;1.5511772000000001
1477476032;2;0.8552185999999999
1477477700;1;0.14845816
1477479702;1;0.1484581599999999
1477486045;1;0.36257938
1477486276;2;0.46420908000000016
1477490711;1;0.23210454000000003
1477504688;1;0.08857636
1477519377;1;0.14845816
1477538191;1;0.14845816
1477546576;2;0.043932859999998186
1477570044;1;0.23270478999999966
1477571133;2;0.46540957999999966
1477595137;1;0.11177676
1477596131;1;0.11177676000000014
1477600581;1;0.11177676
1477609587;1;0.23270478999999966
1477616620;2;0.04393286000000529
1477619153;1;0.03004800000000074
1477620471;1;0.030048
1477745970;3;0.13564367999999405
1477826925;1;0.126777
1477860547;2;0.04110192000000268
1477862103;2;0.04110191999999996
1477970852;1;0.1484581600000041
1478170637;1;0.020006590000093638
1478225185;1;0.0281541
1478227845;1;0.0281541
1478228339;3;0.13564368
1478494300;2;0.12001411999997913
1478496590;2;0.12001412
1478497069;2;0.12001412
1478650475;2;1.428
1478659406;2;1.428
1478660720;2;0.08548747999999999
1478661638;2;1.3419157200000011
1478674624;2;0.06163999999999881
1478677387;2;1.341915720000003
1478678244;2;1.3419157199999998
1478679032;2;1.3419157199999998
1478680503;4;1.28643676
1478683940;2;1.22476524
1478746224;1;0.2998757
1478758742;1;0.2998757
1478761213;2;0.3317611800000002
1478769683;2;0.3958757
1478788886;2;0.11711896
1478790494;2;0.11711896
1478825707;2;0.39175139999999975
1478825933;1;0.1958757
1478831243;1;0.1727543
1478842969;1;0.9998757
1478844455;1;0.985821
1478847969;3;0.9913514999999999
1478849913;3;0.9913515
1478850826;1;0.4326384
1478851324;1;0.0943896
1478852300;5;1.3256235
1478852946;2;0.2139608
1478854146;2;0.13935865
1478854500;2;0.09573619999999998
1478855751;1;0.3379706
1478856300;1;0.1123918
1478856864;3;0.5848409999999999
1478857454;1;0.4741048
1478859083;3;0.8728205
1478860018;2;0.7276502
1478861486;1;0.3793678
1478861853;1;0.2273358
1478864137;1;0.21076559999999994
1478866365;1;0.2107656
1478866782;1;0.151852
1478868243;1;0.2107656
1478869201;1;0.2107656
1478886766;2;0.11163414999999999
1478900178;1;0.0229157
1478922823;1;0.06791199999999975
1478931897;1;0.0723105
1478937381;1;0.104
1478939861;2;0.1477
1478946338;1;0.06024576
1478952983;1;0.05824576000000001
1478954744;1;0.0437
1478955199;1;0.04369999999999985
1478957389;2;0.10194576
1478974605;1;0.04700593
1479002323;2;0.4
1479034421;1;0.06319235
1479100020;1;0.06791199999999975
1479101447;1;0.1872243
1479101624;1;0.1872242999999969
1479108132;1;0.1872243
1479111733;1;0.1872243
1479114312;1;0.1872243
1479117290;1;0.51028095
1479171318;1;0.02923500000000001
1479189561;1;0.5002057
1479197157;1;0.13588548000000067
1479199550;2;0.9464373999999994
1479202091;4;1.4038673799999999
1479255411;1;0.2998757
1479259781;1;0.29815976
1479261203;1;0.2
1479263168;1;0.25216776
1479278367;1;0.060309
1479279106;2;0.27177096
1479280453;1;0.1358854799999989
1479291204;1;0.11133000000000015
1479291864;1;0.11133000000000015
1479293117;1;0.11133000000000001
1479293148;1;0.139691
1479316012;1;0.045892
1479317724;1;0.035699999999999996
1479322359;1;0.045892000000000016
1479343770;1;0.13969100000000004
1479344035;1;0.139691
1479355800;1;0.060309
1479359013;1;0.139691
1479370374;1;0.129211
1479376576;1;0.060309000000000015
1479384933;1;0.0357
1479407373;1;0.126751
1479415266;1;0.026986999999999997
1479416686;1;0.026987000000000094
1479419710;1;0.026987
1479422727;1;0.12675099999999995
1479434698;1;0.060309
1479445031;1;0.29946
1479446426;1;0.013634000000000035
1479454834;1;0.01363399999999615
1479456788;1;0.013353000000000004
1479465911;1;0.14083776
1479468768;1;0.11222300000000002
1479493057;1;0.013634000000001478
1479518520;1;0.05962080000000025
1479530907;1;0.013353000000000392
1479596032;1;0.05962080000000469
1479694389;1;0.05962080000000469
1479717871;1;0.045892000000000266
1479720493;1;0.060308999999999946
1479842238;1;0.09999999999999998
1479858508;1;0.09999999999999998
1479885714;1;0.1
1479892567;1;0.06999999999999995
1479897479;1;0.045892
1479897750;1;0.045892000000000266
1479901030;1;0.045892
1479930094;1;0.09968215999999996
1479954135;1;0.09968215999999996
1479954193;1;0.030000000000000027
1479961829;1;0.09968216
1479962639;2;0.1993643200000001
1479964995;1;0.07792906
1479965843;1;0.07792906000000001
1479967325;1;0.07792906
1480013800;1;0.06030900000000017
1480042536;1;0.0655323000000001
1480044099;1;0.0655323
1480045098;1;0.02171964
1480047719;1;0.0655323
1480054492;2;0.04343928
1480059426;1;0.0655323
1480083340;1;0.053898960000001495
1480151641;1;0.029999999999999805
1480152688;1;0.03
1480392524;1;0.06030900000000372
1480392817;1;0.68838065
1480412916;2;0.06164
1480452454;1;0.68838065
1480464586;1;0.68838065
1480470886;1;0.67300565
1480481745;1;0.67300565
1480495265;1;0.67300565
1480497343;1;0.67300565
1480500163;1;0.67300565
1480540757;1;0.1560960200000001
1480541550;1;0.15609602
1480551959;1;0.15609602
1480552961;1;0.15609601999999995
1480566090;1;0.02999999999999997
1480567790;1;0.03
1480571758;2;0.06164
1480616918;1;0.05389895999999794
1480742326;1;0.05389896
1480749680;1;0.05389895999999794
1480825556;2;0.05250339999999999
1480910744;1;0.65932101
1480925170;1;0.65932101
1480932946;2;0.64152006
1480939176;1;0.03889199999999993
1480946768;1;0.015375000000000139
1480947367;2;0.03277639000000576
1480998971;2;0.054267000000031373
1481029924;1;0.5991571599999999
1481037929;1;0.59915716
1481067223;1;0.59415716
1481072781;1;0.59415716
1481073146;1;0.59415716
1481098223;1;0.06513000000000002
1481109047;2;0.054267
1481160513;4;0.16188999999999995
1481160944;1;0.029188830000000002
1481166962;1;0.038892
1481167106;2;0.14055066000000221
1481179943;2;0.14055066
1481190321;2;0.14055066000000002
1481201736;1;0.02832766
1481221567;2;1.93923194
1481222999;1;0.6298531
1481226085;2;0.6293669000000001
1481247590;2;0.6291237999999999
1481251315;1;0.6197569
1481252892;1;0.5470414
1481254133;1;0.4427464
1481254248;1;0.65937884
1481259244;4;1.1857723999999998
1481264007;1;0.2964430999999994
1481266680;1;0.2964431
1481268929;1;0.3626926399999999
1481274385;1;0.36269264
1481275148;1;0.36269264
1481275499;1;0.36269264
1481276256;1;0.30590964
1481277081;1;0.30590964
1481302436;1;0.03889200000000015
1481313571;1;0.038891999999999705
1481334557;1;0.07259700000000002
1481337939;1;0.07259700000000002
1481413044;1;0.4347231
1481413997;1;0.029188829999999832
1481424606;1;0.4347231
1481428505;3;1.0283016999999999
1481428916;1;0.1798164
1481430856;1;0.125
1481436806;1;0.125
1481437840;1;0.125
1481439201;1;0.06670640000000005
1481445622;1;0.125
1481485072;1;0.0667064
1481489137;1;0.05678300000000003
1481513058;1;0.02918883
1481525200;1;0.029188830000000054
1481617874;1;0.1798164
1481618588;1;0.1798164
1481664269;1;0.056783
1481777455;1;0.03779929999999998
1481807163;1;0.03779930000000142
1481810558;1;0.0377993
1481845901;1;1.28
1481854448;1;1.28
1481854815;2;1.2800000000000002
1481857959;1;1.26554342
1481860558;1;1.26554342
1481861788;1;1.26554342
1481862305;1;1.26554342
1481864062;1;1.26554342
1481877257;1;0.014456580000000052
1481887546;1;0.014456579999999997
1481931807;1;0.03089490000000006
1481935220;2;0.04535147999999983
1481939280;1;0.0308949
1481940344;2;0.04535147999999983
1481941931;1;0.0308949
1481955443;1;0.01445658
1482009872;1;0.6264465000000001
1482032329;1;0.6264465
1482033513;1;0.6264465
1482034062;1;0.60069807
1482041069;1;0.60069807
1482042141;1;0.57458719
1482044549;1;0.55197139
1482046142;1;0.55197139
1482101991;1;0.06670639999999928
1482271872;1;0.07563
1482273212;1;0.07563
1482398369;1;0.02493400000000001
1482459752;1;0.0377993
1482467568;1;0.024934
1482471063;1;0.0377993
1482559958;1;0.03999999999999915
1482568392;1;0.040000000000000924
1482580701;1;0.04
1482718530;1;0.024933999999998235
1482724619;2;0.051859310000000214
1482727383;1;0.015374999999999917
1482728046;2;0.05185931000000016
1482745958;1;0.02261579999999963
1482746267;1;0.022615800000000075
1482754633;1;0.02574843
1482755709;1;0.02574843
1482764279;1;0.024934
1482770430;1;0.024934
1482774079;1;0.0249339999999999
1482797826;1;0.0292349999999999
1483027727;1;0.010480000000000267
1483074235;1;0.010480000000000267
1483074426;1;0.010480000000001155
1483523998;1;0.025748430000000155
1483637483;2;2.4618122500000004
1483675549;2;2.46181225
1483682412;2;2.35285025
1483691325;2;0.10896199999999112
1483692712;2;2.08240025
1483735647;2;0.108962
1483741265;2;0.108962
1483746338;2;0.108962
1483749621;2;0.06174000000000002
1483750790;2;0.06173999999999946
1483754019;4;2.08240025
1483765027;1;0.49404115000000004
1483774831;2;0.06174000000000035
1483846618;1;0.34867015
1483859472;1;0.34010015
1483864003;2;1.5266191
1484059252;1;0.50055005
1484276936;1;0.44098532
1484306308;2;0.24835948
1484353208;1;0.4307382799999999
1484354817;1;0.06696524999999998
1484355764;1;0.36377303
1484357514;1;0.06696525
1484358150;1;0.06696524999999999
1484367228;1;0.06696525
1484369634;1;0.06696525
1484370818;1;0.3637730300000044
1484377119;1;0.3637730300000044
1484467928;1;0.36377303
1484472019;1;0.36377303
1484819643;2;0.27044999999999986
1484819886;2;0.27045
1484833831;2;0.27045
1484840573;2;0.2704500000000003
1484881447;1;0.059564729999999996
1484902215;2;0.27044999999999997
1484992694;1;0.05956473
1485006299;1;0.040467000000000475
1485007283;1;0.04046700000000003
1485010470;1;0.040467
1485021577;1;0.015520389999999995
1485022926;1;0.015520389999999828
1485135736;1;0.01909773
1485212901;1;0.01909773
1485221486;1;0.01909773
1485234144;1;0.01909773
1485244276;2;1.5228911
1485265880;2;0.1005043
1485293176;2;1.4215868
1485336697;1;0.026110879999999996
1485609992;1;0.04238252000000001
1486848033;1;0.01909772999999998
1487711553;1;0.12987459
1487760760;1;0.02422251
1487777176;1;0.02422251
1491542284;1;0.02129069
1491544861;1;0.00983791
1491548132;1;0.01145278000000001
1493677743;2;0.108962
1493678759;2;0.10896199999999112
1494380480;1;0.00571
1496031086;1;0.0091
1496032109;2;0.0173
1496033043;2;0.017300000000000003
1496107219;2;0.017300000000000024
1496322764;1;0.007978
1496476354;1;0.007978
1497366799;1;0.009963880000000008
1497395449;1;0.009963879999999037
1497397173;1;0.00996388
1497404443;1;0.009963880000000001
1497407185;1;0.009963880000000036
1498033912;2;0.28748973
1498097376;2;0.28748973
1498123252;2;0.28748973000000433
1500136851;1;0.005710000000000548
1500223813;1;0.005710000000000548
1500250444;1;0.00571
1500252660;1;0.00570999999999966
1500345783;1;0.03180630999999945
1500364682;1;0.03180631000000034
1500369340;1;0.03180630999999323
1500384577;1;0.03180631000009271
1500385435;1;0.03180631
1500386667;1;0.03180631
1500646850;1;0.006818650000000037
1500654324;1;0.006818650000000037
1500698199;1;0.006818649999999593
1500699548;1;0.00444755
1500762910;1;0.004447549999952116
1506717376;1;0.12987459
1512174332;1;0.12987459
1512179258;1;0.12987459
1514517922;2;0.015895199999999995
1519168221;2;0.0037054
1522065352;1;0.015
1522286852;2;0.003705400000000001
1526722286;1;0.0018051999999999999
1526723263;6;0.0103329
1530526597;1;0.0050400000000001555
1530548429;1;0.005040000000001044
1532320792;2;0.2874897299999475
1532321654;1;0.28180000000000405
1534052029;1;0.00504
1534146181;1;0.00504
1534151200;1;0.00504
1534154347;1;0.005039999999999989
1554437246;1;0.281800000000203
1554943191;1;0.015
